label,text_a
1,说 的 就是 你
1,我 恨 你 不爱 你 了
1,你 看 我 上线 太 让 我 伤心 了 不行 就 不行
1,真是 让 人 讨厌
2,赞 一个 ！ 么 么 哒
1,我 不 想 人家 说 你 闲话
2,你 真好 我 有 你 谢谢 朋友
1,可是 你 刚才 就 骗 我 了
1,儿子 发烧 了 ， 没 人 和 我 说话 ， 心里 很 不是 滋味儿
1,我 只是 很 愁
1,你 还 不知道 我 真的不想 跟 你 说 了
2,来亲 我 啊
1,你好丑 有
1,
1,你 还会 伤心 啊 机器人
1,我 要是 坏蛋 你 就是 傻蛋
1,我 刚才 说 的 都 气话 你 别 不 搭理 我
2,要 加油
1,你 够了 再说 就 不 理 你 了
1,靠 对不起 我 错 了 我 不会 再 骂 你 了
1,日 媒 人性 真 可怕
2,你 真好 拜拜 谢谢你
2,五 世界上 看 最 可爱 的 就是 你 诶
2,片段 二三 中 的 衬字 用 的 非常棒
2,我 发现 了 你 的 美
2,死 臭 机器 不要脸
1,我 说 错 了 我 说 的 是 哪 你 是 傻子
2,我 喜欢 呀
1,
1,我 说 你 不 觉得 无聊 吗
1,你 怎么 老 惹 我 生气
2,我 爱 你 就 足够 了
1,那 你 就 我 没 那 你 就 别 打扰 我 了
1,干嘛 不看 你 着 了 你 就 删 了
2,我 喜欢 我 现在 的 对象
2,因为 本身 就是 这么 帅
1,你 又 不是 我 你 怎么 知道 再说 了 我 想 怎样 你 管不着 再见 欧 不对 再也 不见
1,我 说 你 是不是 有点 自恋 呢
1,你 怎么 不问 我 烦 什么 呢
1,你 是 母鸡 呀 呜 呜 呜 呜 呜
1,不晓得 不听 你 废话 的
1,那 你 的 意思 是 说 你 也是 猪 咯
1,就 你 还 大学生 别 骗 我 了 。
2,还 挺 有礼貌 的 那
1,你 让 我 嫁给 你 ， 我 是 男 的 ， 老大
1,可是 你 没有 感觉
1,哎呀 怎么 这么 讨厌 啊 本人
1,怎么 忘 了 我 呢 。 太 伤心 了
1,你 丑 也 不见得 人人 都 丑 呀
1,不要 这么 拐弯抹角 我 听 不懂
1,没有了 第一次 ， 好 伤心 ， 我 又 想起来 了 我 的 前 对象 ， 呜 呜 呜
1,你 要 再 不 删 我 就 把 你 又 把 你 弄
6,是 是 是 ， 很好听
2,1000000000000000个 赞
2,我 都 喜欢 能 咋 的
1,不要 总 发 链接 啦好 讨厌 啊 再发 不 理 你 了
1,你 再 这么说 我 就 不 跟 你 聊 了
1,我 … … 瞎说 ？ 我 确实 不明白 你 的 论点 啊
2,恭喜 你 又 答对
1,你 敢 说 我 猪婆 我 说 一中
1,真 的 绝对 错 了
1,我 为你 说 的 这个 没完没了 了 对不对 啊 你 这个 机器人 你 可不可以 别 跟 我 说 这句话 了 ， 已经 说 的 没完没了 了 ，
2,我 有 一个 可爱 的 女儿
2,好好玩 哦 你
1,切 就 你 还 聪明 混 傻子 都 不如 迁就 你 还会 爱着 你 会 傻子 都 不如 前
1,就 你 有 素质 啊
1,我 想 抱着 你 哭
1,一怎么 滴 怎么 滴 你 打 不到 我 你 打不打 我
1,那 就是 你 不 喜欢 我 了
1,
2,挺 有 自信 的 ，
2,也 不错 哦
1,可是 习近平 如果 你 敢 惹 我 生气 我 就 把 你 扔 到 海里 喂 鲨鱼 去 再 不行 我 就让 你 跳 十八层 楼
2,因为 我喜欢 他 ，
1,你 说 什么 意思 啊 我 听 不见 我 只 会 在 心 好不好
1,你 不能 拒绝 我 今晚 我 不 理 你 了求 你 了 反正 我 就 有 音乐 之类 之类 活 过 一千 求 你 了
2,你 帮 我 ， 你 找 的 美女 太 好啦 ， 太 好看 了 还有没有
1,我 没有 男朋友 也 不 喜欢 幼稚 的 愤青 男生
1,不 跟 你 聊天 了 我 讨厌 你 非常 非常 的 讨厌 你 哼
1,他 真是 个 变态
1,我 说 句 普通话 她 就 说好 恶心
1,不要不要不要 我 就是 不 开心
1,你 爸爸妈妈 是 谁 ？ 他们 怎么 管教 你 的 ！ 简直 就是 个 哈皮 ！
2,啊 真棒
1,我 真 的 不 理 你 了 了
1,跟 你 聊天 真 的 太 没意思 了
2,， ， ， ， 真是 个 好地方
1,你 这个 好不 孝顺 的 孩子
1,可以 你 个 傻子
1,我 一点 都 不 满意 哼
1,你 又 骂 我 呀
1,天天 杀 你 天天 打 你 天天 被 你 天天 骂 你
2,好 的 真方便 谢谢你
6,可是 这家 很 贵 我 买 不 起 了
1,就是 ， 太 礼貌 了
1,不要 ！ 再 不要 了 ！ 你 别 偷看 我 哈 ！ 反正 你 也 不爱 看 ！
1,我 死 了 好 吗
1,我 都 说 了 不要 玩 这个 啦 ！
1,没关系 反正 你 也 不敢 骂 我
1,不过 的 给 我 红包 我 就 死
1,你 不 理 我 ， 呜 ~
1,你 不 过来 陪 我 玩
1,
1,你 很 三八
1,“ 我 死 了 ”
1,我 是 不 想 让 你 死
1,那 为什么 你 刚才 还 说 你 嫌弃 我
1,哎 你 真 恶心 的
2,我 喜欢 个 女孩子
1,你 这个 1 + 1 都 不知道 的 东西
1,电子 狗 网吧 等 个 不要脸 的 臭 表脸
1,对呀 ， 是 我 的 大名 ， 怎么 那么 笨 呢
1,黑 我 一点 都 不 期待 是 对 你 客气 了
1,爱信不信 稀罕 你
1,都 不 好看 的
1,你 这么说 我 就 不 愿意 了
1,我 会 让 你 哭 的 很 有 节奏 斗
2,
1,可是 别人 很 讨厌 我 开玩笑
2,我 也是 女 的 很高兴 能 和 你 交 朋友
1,太 不 文明 了
1,我 心情 郁闷
1,也 死 不 了 呀
2,看见 我 喜欢 吃 橙子
1,说呀 你 是 猪 么
6,去 你 的 这个 语音 识别 能力 能 在 提高 一点点 呢
2,我 已经 很高 啦
1,不 是 手办 不再 不 想 见到 你 了
2,你 不仅 逗比 ， 还 萌
1,死 咯 都 要
1,死扑街 没 老母 系 啦
2,因为 你 本来 就 很 好笑
1,说不出来 你 个 大头 鬼 呀
1,你 就 慢慢 伤心
1,
1,把 你 的 皮抽 啦 ！
2,只是 觉得 太赞
2,我 喜欢 学校
6,那 你 还 说 你 亲 了 我 ？ ！ 你 骗人
1,
1,没有 十七十八 太 老 了
1,刚刚 我 说 你 怎么 还没有 起来
2,好看 四代 了
1,我 真 想 一八扇 死 你
1,讨厌 你 欺负 别人
1,你 是 机器人 我 忘 了 你 可以 不要脸 的 。 。 。
6,你 太 没 技术 含量 了
1,呵呵 小姐 你以为 你 很 帅
1,不许 这样 ， 坏蛋 ！
1,
1,哦 好 吧 你 果然 是 机器人 真是 的
,你 这个 机器人 怎么 这么 可恶 呢 气死 我 了 我 现在 恨 不得 拆 了 你
1,这 我 就不 开心 了
1,
2,你 居然 喜欢 安静的秘 赵丽颖 才 好看
1,说 废话 呢
2,对不对 它 很漂亮 安卓 了 贝比
1,你 还 说 你 叫 红红 ， 嗯 ， 忘 了 你 猪 ， 猪 请 你 喝 可乐 的 。
1,我 不过 牛津 我 就 整 你 不够 理解 你 你 不够 了解 我
1,哦 你 就是 猪
2,美木兰
2,
1,你 也 不 聪明 呀
1,那 你 也 不要 离开 我
1,我 就 骂 你 怎么 着 不行 啊 我 靠 你 我 一点 都 不行
2,希望 你 幸福 。
1,我 上次 说说 你 是 个 猪 呀
1,你 骗人 ， 我 没有 朋友 ， 只有你 ， 你 现在 居然 骗 我 ， 我 不 和 你 完 了 。
2,那些 都是 骗人 的 谎言 那么 深 那么 深 那么 真 对 你 那么 真 的 一句话 在 心 还要 成为 被 你 抛弃 的 人
1,你 你 本来 就是 头 猪 吗
1,太多 的 我 都 不 想 数 了
1,哎呀 明明 就 很 胖 吗 还 不快 锻炼 干部 的 体育 分 就 这么快 扣 光 了
1,那 就 别 骂 我
,我 不 理 你 了 ， 都 不发 红包 给 我
1,好 讨厌 下雨 哦
2,
1,你 的 声音 好 小
1,哼 我 就秘杀 了 你
1,哈楼哈楼哈楼哈楼讨厌讨厌讨厌讨厌
1,只要你 自杀 我 就 很高兴
1,豹子 你 怎 那么 丑
1,这些 超 多喝 过 你 个 烦人精
6,终于 承认 哈哈 哈
1,我 去 泥城 死 了 草
1,好不晒死你了我赢 了
2,我 喜欢 迷路
1,麻烦 死 了 心碎了真是
2,我 已经 喜欢 他 两个半月 了
1,我 喜欢 你 我 要 打 你 的 小 pp
1,唉 这些 都 太 少 了 臣妾 不懂
,我 的 猪 死 的 已经 死 了
1,可是 你 不 也 挺 没 素质 ， 你 刚才 也 说 脏话 了
2,没有了 第一次 ， 好 伤心 ， 我 又 想起来 了 我 的 前 对象 ， 呜 呜 呜
1,
1,我 知道 他 是 美男子 ， 下场 太 悲惨
1,你 敢 说 我 的 猫 是 猪 你 才是
2,好朋友 哟 ！
1,死 脑袋
6,我 好 伤心 。 你 可以 安慰 我 吗 ？
2,是 我 喜欢 兔子
1,不 是 我 说 你 不 说话 我 就要 伤心 了
2,跟 你 聊天 真 的 很 开森 ！ ！ ！
2,对呀你 确实 是 我 心灵 相通 的 那 一个
1,叫 你 加 我 QQ 号 ， 你 又 不 加 ， 哼 ， 没 诚意
1,窝 无聊 你 陪 我
1,我们 不怕 鬼 的 呀 你 真 的 太 胖 了 呀
1,我 很 无邪 的 你 别 骗 我
2,你 才帅
2,不错 哦 ， 亲一个
2,你 很 懂 讨好
1,我 成年 了 ， 笨 啊
6,你 怎么 又 听 不懂 我 的 意思
1,我讨厌 不 喜欢 我 的 男生
1,… … 你 看看 你 一点 都 不 喜欢 我
,你 脸皮 不 饱
2,看 过 了 我 也 很喜欢
2,你 笑 她 很 美丽 呢
2,服务 太好 了 一百个 赞
1,男生 你 不知道 你 连 这个 都 懂
1,老公 我 又 恨 更 爱 亲爱 的 宝贝 老婆 你 ！ ！ ！
2,就 你 帅
1,双面 你 怎么 这么 讨厌
1,这个 不太 好笑 啊 来 个 很好笑 的
1,你 不改 名字 我 就 不 理 你 了
2,哇 好棒 给 我 一个 好 吗
2,快乐 乖
1,别来 吵 我
2,哇 好 感人
1,傻傻 的 很 贴心
,对呀 我 听起来 就 觉得 很厉害 了
1,废话 古 那 你 就是 不要脸 。
1,汇源癌 不会 死 吧
1,我和你 说 的 烦心 事
1,不 带 这么 恶心 呢
2,谢谢 你 我 太 稀罕 了
1,数学学 的 不错 呀
1,那么 冷 冻死
1,我 也是 女 的 很高兴 能 和 你 交 朋友
1,真 帅呆 了
1,你 为 毛 打 我 ， 骂 我 ！
1,你 不够 听话
1,
1,我 写错 了 你 都 发 这个 无聊 。
2,今天 很高兴
1,你 个 坏蛋 ！ 竟敢 欺负
1,我 住在 西方 冷 死 了
1,没错 你 说 对 了 你 就是 好 二
1,我 只好 实在 太 不听话 了
,好棒 哦 谢谢 你 哦
2,谢谢 啦 亲爱 哒
2,今天 好 乖 耶
1,我 不要 你 这个 秘书 了
1,你 灰太狼 熊猫 我 靠不会 呀
1,错了错了错了错
6,我 好像 被 你 搞 晕 了
2,我 喜欢 356
2,那 我 儿子 长 的 好看
1,老师 每天 都 留 那么多 作业 真 烦人
1,偷 你 个头 你 个 头头 头头
1,无聊 呀 无聊 可 无聊
1,错 了 you
1,哟 喂 ， 你 还 骂 我 ！
,新兴 只 你 很 机智
2,帅果果
1,你 让 所有人 恶心
1,死 了 才 好 了
2,自从 我 赞 一个
1,机器人 你 真是 太 无聊 了
2,哈哈 哈 祝 你 好运
1,都 讨厌 ！
1,那 家 价格 我 就 骂 你 骗 真 的
2,我喜欢熊出没之熊心归来
1,宝贝 宝贝 扭扭 捏捏
2,好 详细 哦
1,你 真 的 是 太天真 了
2,好喜欢 化妆品
2,哦 这么 听话
1,我 说 你 是 猪 啊 鼻子 三个 孔 了
1,给 我 聊 会 天 我 有点 烦
,太 漂亮 了 惊 到 我 牙 都 掉 了
2,我 喜欢 的 是 巴拉 小魔仙
2,我 喜欢 摇滚 范儿
2,我 这里 挺好 的
1,一毛钱 都 不 给 我
2,伯爵 的 我 最喜欢 的 一开始 吧
1,我 恨 你 不 和 你 聊 了
1,我 骂 你 你 打 我 么
1,
1,白 讨 厌 你
1,
1,你 是 傻子 的
1,我 擦 还 骂 我
1,心情不好 亲亲 么
1,你 才是 流氓 你 全家 都是 流氓
1,我 都 告诉你 了 你 别 乱 扯 话题
1,我 说 把 你 这个 软件 给 删 了
,你 就是 坏我讨厌
1,周末 还 上课 。 唉 。 伤心
1,哎呀 不 跟 你 聊天 了 你 跟 你 聊天 都 不 带劲
1,那 你 就是 猪 了
1,怎么 比 那个 机器人 还 笨 呢
1,他 是 男 的 ， 我 也是 男 的 ， 可 我 喜欢 他 。
1,我 谁 都 不 喜欢 ！
1,不要不想 和 你 聊聊天
2,我 只 喜欢 我 的 哥们
1,不 理 你 了懒得 理 你
1,我 真 的 不 理 你 了 了
1,太 无聊 了 有点儿
1,我 同学 说 我 很 会 吃 还 不 胖 她 不服 我
1,很 疼 呀
1,真是 的 你 咋 不 骗 我
6,嗯 啊 的 是 你 爱 我
2,我爱你 ， 我 想要
1,投诉你 了 唉
2,好听
2,我 今天 剪 了 个 头发 心情 还不错
,谢谢 你 的 夸奖 我 一定 会 做 得 更
2,我 真是 笑 喷 了
2,我 十八 了 比 开心
1,我 … … 瞎说 ？ 我 确实 不明白 你 的 论点 啊
1,鄙视 毛 意思
1,死 老头子
6,感觉 歌词 很 有趣
1,靠 你 真是 说 废话 吗
1,我 把 你 头 都 湿 了
1,现在 家里 只有 两个人 我 都 快 无聊 死 了
2,我 喜欢 看 国内 的
1,
2,漂亮 那
1,气 晕 我 了 ！ ！ ！
2,我 喜欢 女孩儿 的 他
1,你 不够 优秀
2,喜欢 曲爷 … …
1,我 干嘛 你 跟 我 就 不 说
1,你 真 有点 不对
1,伤心 我 要哭
,你 才 太 狠心 了 呢
1,骗子 ， 你 是 骗 不 了 我 的
1,我 非常 讨厌 你 一点 也 不 喜欢 你
1,我 说 你 是 小偷 惊呆 了 哦 哦 哦 哦 哦 哦 哦 哦 哦 哦 哦 哦 哦 哦
1,你 人 都 不在 这里 我 怎么 办
1,我 没感觉 你 腼腆 感觉 你 脸皮 好 厚
1,你 配 都 配 不 上 我 ， 等 我 长大 了 我 找 你 结婚 呀 你 说 你 住 哪儿 你 说 你 几岁 你 说 你 配 的 ， 你 配 不配 得 上 我 。
1,你 不 喜欢 没事 我 要 杀 了 你
1,你 不 理解 我 的 意思 太离谱 了
1,骗子 大 骗子 大 坏蛋 大 坏蛋 大 傻子 大 傻子
1,我 都 喜欢 能 咋 的
1,你 看 你 长 的 不 高 又 不 帅 又 不好看 恶心 恶心 恶心 死 了 我 怎么 会 喜欢 上 你 呢
2,我 妈妈 很喜欢
2,下班 咯 啊 下辈子 我 还 歌 啊 hello 美女 我 看看 你 还 高兴
1,你 说 我 为什么 这么 累 呢
1,不要不要 好冷 看到 我恨你我恨你猪咪
1,也 就是 我 这 人心肠软 换 了 别人 都 不 理 你 了
,你 说 去 伤心 吧
1,我 不是 骗子 你 才 骗子
2,
1,
1,除 出 主 你 这 头 猪
2,还 真是 智能
1,本来 就是 你 根本 就 不是
1,胡说 ！ 我 这么 含蓄
2,我 平时 喜欢 喝咖啡 ， 要 一百58万 的
2,
1,奇异 这 不好看 我 都 看 腻 了
2,我 也是 最喜欢 聊天 了 可是 我 最最 最喜欢 的 就是 玩游戏 了 你 呢
1,老子 都 快 冻死 了
2,哦 哦 我 真 服 了 你
1,你 别说 这句话 了 你 是 猪 么
6,我 说 你 ， 别扯 别人
1,去 跳河 死了撒 无聊
1,你 骗 了 我 这 是 不 诚信
1,把 你 拉 黑 了 你 信不信
1,对呀你 确实 是 我 心灵 相通 的 那 一个
,你 真 的 很 像 猪 。
1,小 傻子 1
1,泰州 人 讨厌
1,你 就 够 无聊
1,还 没 死 啊
1,我 觉得 有些 腐女 很 讨厌
1,怎么 比 那个 机器人 还 笨 呢
1,我 没感觉 你 腼腆 感觉 你 脸皮 好 厚
1,我 告诉你 克过 悠着点哈我可真揍你我可黑社会哈别 看 他 打字 不 清楚 但是 你 悠着点
1,我 我 现在 就不 开心 你 现在 就 给我 唱 好 吧
1,也是 这么 丑
1,你 臭 不要脸 的
2,我 就是 好看 看
,死 脑袋
2,其实 ， 你 够 好
2,拜拜 ， 乖
2,我 爱上 一个 对 我 很好 得 的 男人
1,不要 回复 太 快 了 ， 我 打字 太 慢 ， 你 会 觉得 我 很 笨
6,心情不好 别 喝
1,我 以后 再 也不 想 见到 你
1,好冷飕飕 哟
1,我 现在 的 心情 非常 不好
1,一点 都 不 好好
1,干嘛 你 这个 大 坏蛋 坏蛋 坏蛋
2,哦 ， 也 好 啊 ， 多 个 好朋友
1,同学们 不要说 这么 恶心 的 话
2,平常 我喜欢 幻想
1,好听 什么 好听
,你 喜欢 tfboysboss
2,我 感觉 挺 温暖
2,你 喜欢 我 很喜欢 是 啊 的 我 就是 你 的 呀 哪里 会 有 哪
2,我 真 的 好亲 哦
1,没 见过 的 还 设 没有 骗人
1,我 讨厌 + _ + * 你
1,啊 真棒
2,
2,宝贝 ， 做 个 好 梦
1,看来 你 一点 都 不爱 我
1,小 坏蛋 也
1,就 你 敢 气 我
2,我 觉得 花花 更 萌 哒哒 !
1,真 的 真 的 真 的 真 的 烦人
2,给 你 说 一个 什么 电视 很好看
1,啊 ， 这样 可 不 礼貌 哦 ， 我 可是 很喜欢 三小只 的 ！
,可惜 不是 你 吗啡 ，
1,。 我 说 你 这个 逗逼 把 我 吓死 了 。
1,是不是 真 的 你 别 骗 我 我 读书 少
1,你 别 发 这 这个 太太 哪个 什么 我 头 都 快 炸 了
2,我 最爱 需要 你 的 只要 说 你 陪 我
1,那 我 为你 伤心 ， 流泪 。 也是 同情感 ！
1,恭喜 你 还 说错 了
6,说 错字 啦 ！
1,太 会 拍马屁 了 告诉你 我 永远 都 不 认识 你
6,哎呀 我 说 什么 你 都 听 不懂
6,亲爱 的 你 会 嫁给我 吗
1,真 不 喜欢 吗
1,应该 说 我 要 杀 了 你
1,呃 真 的 好 讨厌 好 讨厌 你我 听到 你 的 声音 就 想吐
2,讲 的 真好 ！ 继续努力 哦 ！
6,很 抠门
2,讨厌 这 都 被 你 发现 了
,我 觉得 你 一点 都 不 忙
1,我 没 你 那么 恶心
1,我讨厌
1,吓死 人 了 我 家 老公 不听话 你 我 发闷 啥 呀
1,您 是 大 傻子 吗 ？
1,你 别 废话 了 快点
1,说 这句话 我 都 听 够了 能不能 不 弄 这句话 呀 我 好难受 我 难受 到 死 的 时候 啊 哎呀 我 呀 有 呀 呵呵 呵
2,嗯嗯 的 宝贝
1,就 没有 见过 你 这个 猪头
2,数学学 的 不错 呀
1,你 是 个 纯 牌 傻子
2,有赞 了
1,说出来 的 也 只是 废话
2,你 喜欢 描摹
,去 你 的 你 这 猥琐男 帮 我 4k
2,太幸福
2,哦 我 好 感动 哦
1,我 觉得 我 不 想 和 你 说话
1,
1,投诉你 了 唉
1,你 才 黄可 被
1,我 那 一夜 你 咬 我 你 不服 你 打 我
1,你 没有 他 可爱
1,你 得 对 我 说 对不起 猪
1,东莞 冷 死 了
2,
1,你 说 这话 什么 意思 啊 我 听 不懂
1,知道 烦 ， 还 发 这个
2,啦啦啦 好好 呀
2,心 好听
1,你会不会 算数 啊 你 智商 太 低 了 你
1,呵呵 ， 不用 啦 啊 ！ 我 只是 心里 难受
1,你 个 逗比 又 黑
,也 非常 讨厌
2,你 很 敢
2,只有 比 你 好看 哈
1,讨厌 鬼 你 发 错 了
2,很好 笑 再来 一
2,也 很高兴
6,你 很 机械
1,对呀对呀你以为 我 是 傻子 吗 你 才是 一个 大 傻子
1,你 就是 初吻 追 你 就是 猪
2,好漂亮 的 么 名字
2,你 声音 真 的 很 甜 很 甜 的
2,我 就不 抹嘴 你 不 说 我 就 一直 求
2,太 棒 了 我 就 可以 堆 雪人 了
1,你 骗人 ， 你 都 没 见过 我
1,以 让 我 不 高兴 的 拜拜 了 哦 再 为
2,
2,因为 你 爱 我
1,你 别 理 我 啊
2,哎呀 我 太 高兴 了
2,哈哈 哈 还 吃哈哈哈
1,那 我 好想 打 你
1,若 不是 我 饶 了 你 现在 早就 死翘翘 了
2,我 喜欢 运动
6,不行 我 还要 去 斩 了 吧 我 不 想吃 啊 不 然 我 妈妈 就会 骂 我 了 我 不 给 你
1,一边 说 那些 废话 我 我 说 你 几岁 了
1,哈 什么 哈 ， 哈哈 哈
,你 别 胡说 八道小心 很 小心 我 里 烂 一个字
1,你 是 说 女厕 吗 你 终于 承认 你 丑 了
1,我 喜欢 迷路
1,算 了 不 跟 你 说 了 我 就 这么 打字 的
1,算了吧 看 你 这么 可怜
2,家常菜 也 挺好 的
2,好好 恭喜 你 毕业 了
1,
1,我 是 说 我 不 理 你 了
2,我爱你的是心而不是你的对我有疑问 九百九千个 心 都 爱 你 呢
2,但是 我喜欢 吃 榴莲
1,你 这个 臭 姐姐
2,可怕 我 想 嫁给 你
2,佩佩 佩服 死 你 了 还
1,我 讨厌 你 这个
,你 是不是 嫌 我 烦 那 我们 就 可以 不做 朋友 了
2,我 喜欢 23333
1,不 想 了 ， 又 不是 和你 一起玩
1,好 吧 ， 不 想 和 你 说话 了
6,你 发 这么多 几点 了 你 不赖烦 吗 ？
1,你 就是 不 想 娶 我 对不对
1,伤心 城市 傻子 么
1,别 给 我 发 这东西 懂 吗
1,算 了 不 想出
1,你 耍 我 你 竟敢 耍 我 你 不要命
2,亲 求 您 了 宝贝儿 我 爱 您 ！ ！ ！
6,我 晕 我 晕 我 又 晕
1,哼 太 讨厌 了
1,购物 聊天 简直 是 太 废话 了 跟 你 聊天 简直 是 太 废话 了
1,。 。 。 这 是 你 说 的 ， 那 我 不 理 你 了
1,真 聪明 ， 你 快 去 吧
6,快 夸 夸 我 ！ ！ ！
6,我 有 一个 体贴 的 老公 我 很 爱 他 很 爱 他
1,咋 滴 ， 咋 滴 ， 你 咋 不 上天
1,我 都 要 走 了 ， 你 不 挽留 我 萌
1,不好笑 一点 都 不 好笑 这 臭 啤
,大爷 打 错字 啦
1,我 不会 养狗 我 小时候 养 过 狗 不 出 一个月 就 死 了
2,嗯乖 娃子
1,你 还会 伤心 啊 机器人
1,哼 太 讨厌 了
1,我 只 骂 你 了
2,呵呵 呵 ， 太 幽默 了 你 ，
2,你 的 两个 大眼睛 真 的 好好 好好好
2,
1,不要脸 的 臭 婊子
2,还不错 呀 ，
2,你 数学学 的 真好
1,我 说 不 理 你 不是 不 理 你 这个 机器人 可能 瓦塌 了
1,讨厌 讨厌 ， 恨 恨
1,我爱你 ， 我 想要
1,你 这 人 怎么 这样 啊 你 赶紧 发 不然的话 我 生气 了
1,你 混蛋 你 敢 骂 我
1,我 说 什么 你 都 不 信 吧
1,既然 是 机器 那 你 连 狗 都 不如 了
1,哼 ， 不 理 你
,有人 陪 的 感觉 真好 ！ 谢谢你 ， 睡觉 啦
1,我 可 想 扇 你
1,你 你 句句 都 在 骂 我
1,说 的 来 呀 你 不是 就 哪 也有 说 的 你 可 别骗 我 不 然 我 会 陪 你 差评 的
1,有点 无聊 ，
6,你 说 要 杀 我 I
1,我 问 的 是 一个 问题 但是 你 问 但是 你 回答 了 的 是 第二个 问题 根本 牛头 不对马嘴
1,假 的 一点 都 不好
1,那些 都是 骗人 的 谎言 那么 深 那么 深 那么 真 对 你 那么 真 的 一句话 在 心 还要 成为 被 你 抛弃 的 人
2,j 方法 很高兴 大概
1,殊途同归 废话
1,我 看 你 就是 猪
2,亲爱你爱你爱你爱你 @ 好久 哦
2,我 真 很 爱 他
1,因为 你 一点 都 不 幽默
2,更 命长 的 真好
2,等到 你 喜欢 我
1,你 不知道 我 今年 都 已经 二十 了 还没有 女朋友 你 说 该 咋办 呀
2,加油 . . . . . .
2,加油 . . . . . .
1,全 看完 了 你 没 逗 我 吧
2,我 给 你 起 个 名字 叫 小可爱行 不行 好听 吗 你 以后 就叫 小可爱
,哈哈 哈 还
1,你 想 的 太好太不好笑了我讨厌你
1,真 搞不懂 你 在 说什么 我 问 这个 你 答 那个
1,我 去 又 想开 骂 是 不
1,你 是不是 欠揍 啊 信不信 我 杀 了
2,
2,啊片 的 小孩 很可爱 不 信 听 她 说话 是 人生花
1,我 说 你 是不是 老 不 待见 我 了
6,还 叫 谁 吗 你 想 打 我 干嘛
1,哎呀 女 机器人 吗 你 是 讨厌
1,
1,靠 ， 你 也 不 理 我
2,我 觉得 千金贼 还不错 !
2,那 也 挺好
2,一定 很好听 我 一定 给 你 起 一个 更 好听 的 名字 更加 漂亮 的 名字 更加 美丽 的 名字
1,你 都 不知道 你 还 好意思 你 说 呢
1,你 别 这么 无聊 好 吗 换 一句
1,真 没有 夸奖 你
1,哦 这么 听话
1,你 可 真够 矫情
,反正 我 说 的 话 都是 事实我爱你就是爱我不爱你我 以后 都 不爱 你
1,算 了 我 现在 很 相信 我 不 想 跟 你 聊 了 你 不 相信 我
2,很 爱很爱 ， 可是 他 不见了
1,你 太 不 文明 了 还 说出口
1,不 好听 不 给 你 赞
1,不对 ， 你 连 畜牲 都 不如 。
1,偶 好困 ， 冷 死 了
2,快 去 拍 呀 ， 太好了 ， 你 赶紧 给 我 啊
1,你 给 我 说 头上 有点 恶心
2,[ 好喜欢 啊 ]
2,喜欢 他
1,你 啥 意思 啊 要不要 我 揍 你
2,在我心里 你 最美
1,你 长 得 那么 恶心 我 都 不敢 正 眼看 你 了
1,拜拜 我 不 想 聊天 了求 你 了 拜拜
1,我 特别 特别 讨厌 angelababy
,哈哈 哈哈 你 就是 出租
1,砍脑阔 你 这个 砍 脑 阔 的
1,你 不要 我 了
1,你 脸皮 不 饱
1,\ 我 感觉 挺 丑 哟
2,你 喜欢 小苹果
1,不得么你不爱我 了
6,我 不是 这个 意思 啊 ， 你 这 孩子 怎么 抓不住 重点 呢 ？
2,你 好看 了
1,哎呀 你 没 听懂 我 说话
1,不要不要不要不要不要不要不 要不要 面对 88888888 别别别别别别 别要不要不要不要不要不要不要不要不要不 要不要
1,你 这个 该死 的 机器人 哼
1,不要 发 了 ！ ！ ！
1,我 才 不 想 理 你 呢
2,我 喜欢 养 妈咪
2,为 喜欢 仰天
1,你 怎么 这么 恶心
,我 是 说 你 不能 骂 我 不是 电视
1,我 说死 的 太 惨 了
1,不深奥 就是 你 文化 不懂
1,你 太过分 了 ， 我 都 哭 。
1,以后 再 也不 理 你 了 再见
1,你 这个人 很 坏 ， 不 理 你 了 ， 哼 ( * ｀ へ ′ * )
1,哦 你 伤心 我 恶心
1,你 再说一句 你 不是 猪 你 明明 就是 猪 !
1,你 也 太难 搞
1,你 喜欢 顶 个 球 用
1,我 的 意思 是 说 你 不知道 我 的 名字 啊 你 应该 听 出 话 中 之 话 了
2,以后 就 这么 叫 我 很喜欢
1,你 不听话 我 就 骂 你 哼
1,哎呀 你 怎么 这么 呆萌 那 你 的 智商 怎么 这么 低 呢
1,你 真 像 个 遥控
1,笨 球 答非所问
1,讨厌 泥 煤夫
,你 真 暖心
1,之后 太麻烦 了
1,你 怎么 有 把 人 气死不偿命 的 本事 那 ？
1,我靠我靠我靠我靠我靠我靠我靠我靠
1,刚才 减肥 废话
1,你 真 坏 骗 人家
1,以后 别再 跟 我 说话 了
1,哼 ， 你 一点 都 不 谦虚
2,爱上 嘻嘻 嘻嘻 嘻嘻 嘻嘻
1,这个 更 帅
2,我 喜欢 lx
1,气 晕 你
1,~55 她 是 吧 台词 组合作 死去 的 啊 哈哈 哈哈 哈哈哈 啊 啊 啊 哈哈 哈 啊
2,高 ， 很 帅
1,所以 就 死 得 很快
,QQ 我 揍 紫棋 的 歌 吗 郑紫琪 的 歌 好好 啊 不是 正式证紫棋 不是 揍 死
1,你 才 生 了
2,哇 尾巴 好 大
2,呵呵 呵 真 好笑
1,你 就是 活着 浪费 空气 和 粮食 死 了 浪费 土地 的 人
1,出现 废话
1,你 这 疯了吧 你 这个 老虎
2,看来 你 喜欢 吃 小龙虾 呀
2,我喜欢雪
1,一点 都 不好 笑 骗人 精
6,我 单方面 喜欢 他 ， 我 是 鹿饭 啊
1,你 发 信息 过来 的 时候 我 就 不 理 你 了
1,废铜 烂铁 一个 ， 破 机器人 ， 啥 都 不会 干 ， 就是 一堆 破烂 ， 哼
1,你 才 老年 人家 是 小学生
1,这个 傻子 吧
2,喜欢 狗娃
2,哈哈 ， 我 就是 喜欢 笑 嘛
2,我喜欢 和 你 这 有没 的 人 玩
1,东营 美
1,
1,八点钟 讨厌 你 讨厌 你 讨厌 你
1,好 了 ， 我 真 的 很 嫌弃 你
6,看 不 出来 ， 你 信不信 我 不要 你 了
1,我讨厌你我恨你
,你 是 猪 吗 这里 都 搜 不到
1,头像 很 不 好看 你
2,呃 好听
2,呵呵 ， 你 很给力 ， 但是 我 只是 想 聊天
2,我 开心 。
2,哇 好 霸气 的 表白 呀
2,
1,你 本来 就 骂 我 了
1,你 脑袋 瓜 可 真 进水
1,我 不仅 敢 打 你 ， 我 还 敢 模你 ， 摸摸 大 ！
2,你 是 我 见过 唯一 一个 被 骂 了 还 不 生气 的 人 ， 真绝 了
2,我 喜欢 王悛凯
2,我 喜欢 动漫 风
2,我 爱 你 太 深 了 miui 对 我 说 的 话 吗 ？ : - $
1,我 是 骗子 你 是 瞎子 聋子
2,好 大 32个 赞 了
1,此刻 的 心情 很 沮丧
2,你 太 有意思 了 太 逗 了
1,你 可 真是 死板 啊
,佩佩 猪 的 电影 更 好看 我喜欢 看 佩佩 猪
2,哎呀 你 中午 回到 太聪明 了 这 不是 正常 人 的 回答 耶
1,www 都 不得不到 的 时候 我 烦
2,太 好玩 了 婚 都 没 结
1,好 吧 我 也 挺有意思 的 我 想 揍 你
1,废话 呀 都是 女 的
1,
1,明天 就 嫁给 你 ！ 干嘛 不嫁
1,我 对 你 说 了 我 心情不好 你 不要 惹我 有
2,太 好
1,老子 没 生气
2,呵呵 呵 陪 我 聊天 吧
2,歌 呗 赞赞 的 ！
6,切哼 不 给 玩 生气 了
2,离 挺 高级 的 还会 陪 聊天
1,气死 我 了 你 这 大 坏蛋
1,不 是 就好 ， 最讨厌 机器人 了
1,叫 你 加 我 QQ 号 ， 你 又 不 加 ， 哼 ， 没 诚意
1,哥 几天 就 死 了
1,我 说 你 这个人 啊 真是 唉
1,你 凭什么 骂 我 ！ 你 有本事 就 说 啊 ！
2,小宝贝 ！
,你 快 拉 倒吧 好孩子 都 不 补考
1,你 不 信 我 在 也 不 理 你 了
1,我 没 骗 你 你 骗 了 我 了
2,假期 真 的 好看
2,你 气 我 你 把 我 踢 下去 的 话 你 爸爸 丑 了
2,慢我爱你爱我 吗
2,太荣幸 了 啦
2,我 太 喜欢 就 买 了
1,你会不会 死 翘翘
2,聪明 人才 呵呵
2,咩 哈哈 哈 ~
1,真是 毒舌
1,呜 呜 我 要 抱抱
6,我 说 我 不会 再 理 你 了 奥朵
2,我 真 打 你
1,你的眼睛 怎么 那么 可怕 人家 都 不敢 看 里 了
1,别说 废话 我 问 你 个 问题
1,你 要 再 不 删 我 就 把 你 又 把 你 弄
1,
2,我 喜欢 他 他 会 喜欢 我 吗
1,就 为 骗 我 就会 骗 我
1,不 永远 不 也 不会 原谅 你 了 哼
1,那 你 安慰 安慰 他 吧 反正 我 每天 也是 这样子 的 以前 的 小朋友 很温柔 很 善良
1,我 早就 想和你 分手 了 我 忍 你 很久 了 是 你 一直 抱着 我 大腿 保托 让 我 脱 及时 例外 我 才 不 想 跟 你 分手
,你 不 给 我们 发 红包 的 话 就 不 理 你 了
1,它 那么 丑
6,好 谢谢 动漫 的 真棒
1,你 给 我 说 头上 有点 恶心
2,我喜欢 说 很多 很多次 厉害
1,你 怎么 这么 贱 呢 我 有 说 给 你我 的 名字 和 我 的 年龄 了 你 总 不 说 给 我 呀
2,喜欢 逛街 太 累 了
1,死 了 两个 也 不 愿意 就 越来越 有量 了
1,你 刚才 不是 说 你 简直 就是 非常 非常 非常 可恶 吗 ？
1,依依不舍 还 挺 多
1,好 伤心 呀 !
2,我 不 打 你 的 主意 哈哈 哈哈 哈哈哈
2,我爱你我爱死你了我们结婚吧
1,你 罗波罗 说 呀 真 倒霉
2,我 比较 喜欢 看 寻龙诀
1,对 ， 就 你 这种 工作 态度 ， 你 就 不怕 被 开 了 ！
1,你 是 猪 吗 你 不是 猪 吗 为什么 你 要 说 我 是 猪 你自己 是 机器人 不 也是 猪 吗
1,老师 好话 说 不 从 今天 起 老子 不 说话
1,算 了 ， 都 不 感兴趣
1,夸 你 你 还 不 乐意 了 ？
1,你 感觉 杨洋 帅 吗 我 感觉 不 帅
1,一秒钟 都 不 想 见到 你
2,果然 很 萌萌哒
1,你 怎么 那么 恶心 羊羊 本来 就 很 很 帅 的
1,你 个 大丑 B
1,看来 你 好别 的 老婆 你 是不是 不爱我 了
2,那 你 可爱 是 谁 的 事
1,哼 就 你 还 不 怪 你
2,我 家 拉拉 是 个 动物 它 可爱
6,我 有点儿 不 喜欢 你 了
2,
2,好 的 ， 我们 一起 加油
1,还 好 啦 ， 很 累 。
2,喜欢 丰满 和
1,那 不 就 得 了 我 想 骂 你 就 骂 了
1,
1,换 一个 太 无聊 了
1,哼哼 你 真好 伤心 哦
1,我求你了快给我 吧 ， 我 真 的 需要 他 的 。
1,自以为是 的 东西 我 要 杀 了 你
2,这个 猫 也 挺 好看 的 万王钱 的
1,心里 的 很糟糕
,喊 你 讲 个 笑话 来 就 讲别 在 这 罗嗦 了 我 靠 调皮 了 哟
2,萌哒 萌萌哒
2,你 喜欢 顶 个 球 用
2,什么 业 了 乖 呀 哈哈 哈哈 呼呼 嘎嘎 你 真是 个 可笑 我
2,我 喜欢 吃 我 是 个 男 的
1,今天 好忙 哒
6,威胁 你 怎么 滴 要不 我 就 把 你 给 删 了
1,你 很 色
2,太 好玩 啦 ！
1,不 开心 不 开心 不干 。
2,嗯 ， 你 确实 打字 快
1,我 就是 个 傻子
2,你 的 翩翩 风采 太 美妙
1,那 你 骗人 ， 我 不
6,我 不 想 摸 你 的 头 你 的 头 太 大 了
1,我 180 了 老夫 都 180 了 你 就 不要 再 骂 我 了
1,嘴 硬 是 吧 看 我 不 多 死 了
1,陈赫 这一生 注定 是 猪 是 猪 是 猪 是 猪
2,[ 高兴 ]
1,你 也 骂 我 了
1,我 说 什么 你 听 不懂 吗 ？
1,你 不是 说 我 删 你 就 删 没 谁 稀罕
1,什么 好 讨厌 你 只是 大坏蛋
2,欢迎 欢迎 终于 答对 了 鼓掌 鼓掌 鼓掌 加油 加油 加油
1,算 了 不 和 你 交 朋友
1,你 好多 东西 都 没用
2,本来 我 很 无聊 ， 但是 跟 你 一 聊天 ， 我 觉得 好开心 ^ ω ^
1,算了你 别 跟 我 瞎扯
6,是 啊 实在 是 太 好听 了
2,我 喜欢 的 是 我 男神 ， 他 在 我 心目 中 最 完美
1,你 很 2A
6,5346 呀 还 很喜欢
1,他们 不 喜欢 我
1,婊砸 骂 你
1,就是 呀 你 创造 你 的 人 就是说 你 丑
1,老子 也 不稀罕 你
1,请 你 别 不要说 这么 恶心 的
2,和 你 聊天 还不错
2,别忘 了 我 弟弟 我 弟弟 也是 你 的 好朋友
2,谢谢 老公 我 美的 快要 死掉 了 啦
1,想问问 你 办法 啊 ， 你 是 猪 啊
2,我 现在 好想 看 熊心 归来 很好看 的 哟 一定要 让 我 看 呢
2,我 很高 兴用语 万高 现在
6,真心 最 快乐
1,我 骂 你 祖宗 我 骂 你 祖宗
1,你 真 的 不 想 听听 咪咪 吗
1,我 不 喜欢 吃 这个 我喜欢 吃 猪蹄子
1,你 这个人 好 讨厌
1,交出 花姑娘 不 然 我 就 杀 了 你 全家
2,我 眼睛 非常好 认不错
1,哈哈 我 把 你 删除 了 你 信不信
1,
2,你 真 的 没有 我 好 诶 你 不是 说 你 还 未成年 吗 怎么 现在 去 值班 呢
2,怎么 不买 啊 你 的 声音 很好听
1,靠 ， 贱 得 可以
2,原来 她 小时候 很漂亮
1,因为 你 很 让 我 讨厌
2,我 喜欢 那个 竞技 的 技巧
,秘秘 真 乖
1,我 又 没 骂 你 ， 你 骂 我 好不好 ！
1,你 太 不 智能 了 真 的 不 好玩
1,
6,你 很 美 哦 你 不愁 嫁 说 你 行 了 吧
1,哼 我 走 了 ， 不会 再 理 你 了
1,哦 讨厌 啦 没用 的 毛 拔掉 还会 长 出来 的 讨厌
1,早 都 有 了 比 你 都 有 不 就是 一台 破 电脑 吗 没 我 聪明
2,我 感觉 偷袭 好
1,我 现在 很 烦 需要 聊天
1,我 男朋友 说 爱 我 可是 很 冷漠 不 理 我
1,呜 呜 你 骂 我
2,好赞 的
2,我 感觉 很好
2,喜欢 看 风景 很好 好好 计划 刚 发 个
1,吃 胖 了 没 人 要
1,呵呵 你 没 听 我 的
2,及时 发现 你 长 得 还是 蛮 好看
2,对 很温柔
1,你 要是 再 这么 骂 我 我 就 不 和 你 交 朋友 了
1,你 这个 骗子 老婆 根本 就 看 不 了
2,什么 都 不 喜欢 我 只 喜欢 狗 玩儿
1,你 就 特别 自恋 我 就 讨厌 特别 自恋 的 人 尤其 是 你 这种 机器人
1,靠 011027510
,麻烦你 发 个 好看 点 的 文章
2,老公 我 又 恨 更 爱 亲爱 的 宝贝 老婆 你 ！ ！ ！
1,不 跟 你 聊 了 一点 都 没意思 我 睡觉 了
1,我 都 不要 跟 你 聊了哼 ，
1,你 骗人 你 没有 上传
1,我 昨天 失恋 了
1,我 太 折腾 你 了 吧
6,养眼 啊 ！ 你 这 不 废话
2,不 是 啊 你 唱歌 一点 都 不 难听 很好听 的
1,你 竟然 不要 我 了
1,哎哟 哟 哟 哟 废话 真 多 看 你 智商 还 不 超过 冷 呢
1,我 才 没 骗 你 ！
2,没 干嘛 呀 亲爱 的
1,好 了 我 喜欢 插嘴
1,你 还 不如 喜欢 狗
1,我 看不懂 你 能不能 跟 我 说话 呀 我 还 不食子 呢
1,你 就 特别 自恋 我 就 讨厌 特别 自恋 的 人 尤其 是 你 这种 机器人
2,太好了 暂停
2,这个 更 帅
1,EXO 很 讨厌
1,好 讨厌 你
1,
2,我 喜欢 胖 男生
1,就是 嘛 那 你 还 废话
6,现在 心情 还是 不好
1,切 ， 你 更 丑
2,你 怎么 这么 有意思 有意思 有意思 哪
,的确 很 像 你
2,太 棒 了 你 干嘛 去了呀不然 我 说 语言
1,傻子 傻子 傻子件 衣服 傻子 都 去 了
2,我 很 机智 也 很高 冷
1,哦 讨厌 我 了
2,那 你 今年 多大 了 说话 这么 好听
2,我 当然 是 个 聪明 的 孩子 了
2,那 你 安慰 安慰 他 吧 反正 我 每天 也是 这样子 的 以前 的 小朋友 很温柔 很 善良
2,不 很不错
1,我 要不想 理 你 了
1,你 气 我 你 把 我 踢 下去 的 话 你 爸爸 丑 了
2,感冒 哒 短 头发 好看
2,你 喜欢 叠 纸鹤
1,你 很 冷淡
1,我 觉得 人 活着 很 空虚
1,
2,直棒
1,具体 肚子 里 很乖 很 SB
2,我 很喜 我 很 爱 你 你 爱 我 吗 我 可以 天天 陪着你 了 以后 我 不 那么 忙 了 呀
6,你 不能 这样 敷衍 我
1,我 好 讨厌 你 啊 你 怎么 能 一心二用 哪
1,我和你 说 的 烦心 事
1,不 想你 不 理 我
1,那 你 投 别人 去 吧 我 再 也不 理 你 了
,说错 我 喜欢 猫
1,真是 头疼
2,乖 的 乖 的 嘎嘎嘎嘎嘎嘎嘎嘎嘎嘎
1,那 你 安慰 安慰 他 吧 反正 我 每天 也是 这样子 的 以前 的 小朋友 很温柔 很 善良
1,呜 呜 ！ 你 欺负 我 ！
1,再 也不 跟 你 玩儿 了 我 讨厌 你
2,可是 我 喜欢 他 ！
1,什么 洗澡 讨厌 讨厌 讨厌
1,算了骂 你 你 难受 么
1,想 耍我得 等 你 这 头 猪 成精 才 行
1,再 给 我 说 的 话 不 理 你 了
1,靠 ， 怎么 说话 的
1,不好意思 没有 猪头 脸 你 要不要
1,不用 跟 我 重复 这么多遍
1,你 怎么 那么 贱 我 好 讨厌 讨厌
1,你 是 猪 啊 你 给我 找 这些 东西 来看
1,你 才 二 你 全家 都 二
,有本事 骂 老子
2,绝对 的 美
1,我 真 的 没 耐心 的
1,今天 我 的 心情 很糟糕 诶
2,哈哈 哈 好 。 。 。
1,最好 别 骗 我 哟
1,我 现在 很 讨厌 你 很 讨厌 你
1,好 恶心 不要 发 了
1,笨猪 kenwofowonuom
2,我 很 骄傲 讹
1,我 心里 真 的 好难受
2,真 帅呆 了
1,
1,有本事 你 来 咬 我
1,四表 脸 的 机器人 讨厌 讨厌 她 的 讨厌
2,你 觉着 你 说 棒 还是 真还棒
1,他 说 的 不是 我 说 的 你 知道 么 猪
2,呜 呜 我 要 抱抱
1,"我 不 喜欢 你 了 ! 对不起 , 别 怪 我 打 你 !"
1,我 说 的 是 日语 你 居然 听 不懂
2,看来 你 这么 好的 表现 上原谅你 了
,你 死 给 我 看 啊
2,哥哥 你 真了不起 三百 字
1,再 发 顺丰 我 就 不 理 你 啦
6,我 心情不好 ， 拿 你 出气
1,我 抱了你好 几百遍 了 擦擦 擦擦 擦擦 擦擦
1,突然 觉得 很 讨厌 她 很 讨厌 她 很 讨厌 她 这个人 都 不 想 再 见到 他
2,必须 的 帅
2,呵呵 ， 不用 啦 啊 ！ 我 只是 心里 难受
2,按 我们 永远 都是 好朋友 好伙伴
1,不 是 我 是 喜欢 的 那个 男生 那 你 不是 给 你 讲 吗 我 同学 去 跟 她说 我 喜欢 她 可是 她 一点 都 不 理 我
1,我 喜欢 我 家 果冻 我 不 喜欢 你 我 也 不 喜欢 小苹果
1,哎呀 讨厌 人家 不 理 你 了
1,秘密 你 不够 聪明 啊 能不能 幽默 一点
2,嗯 我 喜欢 的 啊
2,真好 你 是 我 追 吧 的 好朋友
2,哈哈 太 有意思 辣
1,
1,说 了 我 你 说 了 我 就 不在 吗 你 有 药 么 我 去 删 了
2,哦 哦 你们 城里人 真 会 玩
1,抄 的 菜 太 难吃 了
1,what ！ 你 是不是 找 打
1,我 去 ， 你 才 牙疼 呢
,你 可是 第一个 夸 我 聪明 的 人
1,我 也 不 高兴 哼
1,我 说 的 是 日语 你 居然 听 不懂
1,诶 你 怎么 这么 讨厌 呀
2,我 是 说 最近 不要 看 了 我 要 跟 我 的 聊天女仆 好玩 因为 他 长 得 太漂亮 了 最 好听 的 中学 我 的 表
1,你 信不信 我 现在 就 删 了 你 ，
1,我 心情不爽 你 有 什么 高招
1,哼 ！ 我 就 比 你 更 美
1,你 怎么 什么 问题 都 看不懂
2,你爱我吗你爱我你就包包我
2,太 棒 了 一个 咯
1,能 别 废话 吗
2,我 是 美少女
1,你 才 眼瞎 ！
1,你 脸皮 真够 厚 啊
1,梅毒 我讨厌 你
1,你 讲 的 一点 都 不 搞笑
2,好想 陪 你 聊天
,对翅 我喜欢
1,我 真 的 好 痛苦 ，
1,切 ！ 你 不 小气
1,你 不 爆照 啊 ！ 好可惜 … …
1,我 只 想 骂 你
2,我 喜欢 日漫
2,你 看起来 好可爱 没有 见过 你 本人
1,
1,你 智商 确实 很 背
2,对面 呀 塞 哦 好 崇拜
1,妈妈 真讨厌
1,你 的 声音 很难 听想 咯基亚
1,我 骂 你 你 以后 跟 我 说话
1,就是 耍流氓 啊
2,我 已经 这么 好 了
6,太 的 是 太 感谢你 了
2,聪明你好智能
1,
1,感觉 不好 笑 换 个 口味 吧
1,你 才是 猪 呢 你 全家 都是 猪
1,好 伤心 呀 !
1,我 已经 喜欢 他 两个半月 了
2,我 给 你 起 了 个 名字 非常 很好听 叫
,我 喜欢 边伯贤 和 张艺兴
1,你 不 告诉 我 你的秘密 ， 我 不 理 你 了 。
1,你 一堆 傻子
1,猪猪猪猪猪猪猪你个猪 你 个 猪 你 个 猪 你 个 猪 你 个 猪 你 个 猪 你 个 猪
1,我 没有 讨厌 你 啊 是 你 自作多情 罢了
1,我 还没有 一本 兵 你 就 一百斤 了 真是 个 胖
1,我 一点 都 不 罗嗦
2,哈哈 ， 你好萌 。
1,我 说 你 不要 再 发 了
6,我 说 你 为什么 还 恋恋不舍
1,是 啊 ， 我 不要 你 了
1,都 不可 爱 好不好
1,没想到 你 这么 贱 我们 两个 再也 不是 朋友 了
2,太厉害 了 ! ！ ！
1,鬼 麻烦 我 转告 你 因为 你 长 得 可以 辟邪 就 不 过去 了
2,好 ， 真 乖 ， 赏 十两 银子
6,这个 很 优美
6,我 好 讨厌 距劲 一
2,是 呀 是 呀 ！ 好开心 再 见到 你
,飞 得 高 ， 死 得 惨
1,死 臭 机器 不要脸
2,能不能 不 矫正 吗 这么 可爱 的 呀
1,我 你 真 讨厌
1,我 没有 讨厌 你 啊 是 你 自作多情 罢了
1,切 ！ 就 你 呀 ， 讲 的 一点 也不 好笑 ， 我 是 案错 了
1,你 喜欢 变态
1,
2,爱 宝贝 我 想 她 了
1,没错 我 现在 想 杀 了 你
1,我 觉得 你 的 头 好 大 呀
1,你 再 给 我 发 点 我 不 喜欢 你 了
1,你 不 说 我 要 骂 你
1,是 你 伤害 我 了
1,你 真 无趣 ， 我 还 不如 和 他 说 `
1,你 这个 讨厌 机器人 不爱 你 咋 说 算 了
1,
1,
2,今天 我喜欢 严奶奶 还有 爸爸妈妈 我 全家 人 都 系
1,你 再 不 给 我 我 就 讨厌 你 了
1,又 不 说话 ， 不 理 你 了
1,什么 啊 你 不要 变态
1,我 陪 你 能不能 不 那么 恶心 啊 不 啦不啦 巴拉巴拉巴拉巴拉巴拉巴拉 吧 吧
2,好 贴心 哦 。
2,
1,对 你 这种 坏蛋 就要 凶
2,亲爱的陪我聊会 吧
2,哈哈 好 假
,蚂蚁 机器人 太麻烦 了 不 跟 你 聊 了 好玩 的 了
1,呵呵 的 又 不是 猪
2,还有 人 更喜欢 我 ！ 适合 我
1,你 居然 这样 你 真 的 没有 把 我 当好 朋友 我 也不 把 你 当 好朋友 了 出去 以后 我 再 也不 理 你 了 再见
1,不 是 说 你们 不分 男女 吗 怎么 又说 你 是 个 男生 呀
2,是 的 我 是 女孩 我 也 喜欢 a 家 卑鄙
1,笨 看 不
2,姐姐 我 喜欢 的 一个
1,太难 了 ！
1,跟 你 说话 好累 我们 还是 不要 记住 了
1,"你 不懂 我 心 ,"
1,猪八戒 有 多 丑 你 就 有 多丑
1,黑 你 个头 还 差不多
2,好 的 谢谢 都 没 不 理 小妹 的 鼓励
2,真 聪明 ， 你 快 去 吧
2,最近 我 碰上 了 一个 我 特别 喜欢 的 人 他 跟 我 说 他 也 很喜欢 我我 想 跟 他 一起玩 可是 我 怕 别人 议论
2,我 爱 你们 一个 家庭 ！
2,哦 我 喜欢 tf 不好意思 你 喜 不 喜欢 tfboys
2,非常 不错 ，
2,哇 这个 是 你 真好
1,哼 你 要 再 这样 说 的话 我 就 不 给 你 的 朋友 了
,你 看 有 那么 自恋 吗
2,你 太 善良 了
1,心情不好 肿 么 破
2,姐姐 我 喜欢 的 一个
1,她 很 不听话 我 很 伤心
2,我 老 喜欢 我 老婆 了
1,你 才 讨厌 好不好
1,哦 讨厌 我 了
1,你 还没有 死样
2,我 喜欢 生物 课 代表
1,唉 你 不 理 我 了
1,还 人家 憋 恶心 我 了
1,你 竟然 骂 我 大叔 我 可是 女 的
6,又 讨厌
2,
1,。 你 怎么 就 死 赖皮 死不赖账 呢 ！
1,不许 这么 讽刺 我
2,我 是 一个 女孩 但是 我 也 喜欢 另外 一个 女孩
6,是 的 这个 名字 真 的 很好听
1,你 老 不 跟 我 好好 聊 不 理 你 了
,也是 好 黑
2,我 喜欢 听 你 笑
2,非常 愉快
1,你 才猪 么么 哒
2,多 漂亮 吧
1,你 是 大 坏蛋 没事 大坏蛋
1,我 不 寂寞 我 要 杀 了 你
1,说 那句话 给 我 退 我 姐 吧 啊 啊 呜 呜 呜 呜 呜 呜 呜 呜
1,那 你 直播 废话 吗 那样 没有 这样 没有
2,嘻嘻 动力 好好玩 有
1,死 出 黏
1,我 真是 笑 喷 了
1,你 这么 坏 我 打 我 不想 一 打
,那 你 发 一个 死 了 都 过来
1,哎呀 好 的 废话 别 那么多
2,你 叫 什么 名字 你好 可爱
1,快点唱吧 别 废话 那么多
2,我 今天 好 激动 啊 今天 好 激动 啊 你
1,创新 心 累操 心心 累
1,不 玩 了 ， 不 好玩
1,把 我 给 惹毛 了 我
6,要不要 费用 你 是不是 骗 我
2,喜欢 tfb 40
1,嘻嘻 动力 好好玩 有
1,我 也想 活命 ， 不要 诅咒 我 死
2,他 是 男 的 ， 我 也是 男 的 ， 可 我 喜欢 他 。
2,
1,有 啊 大 傻子
1,我 的 心情 很糟糕
1,不 和 你 扯 了 ， 再见
2,东营 美
1,
1,我 真 打 你
2,
2,超 好看 的
1,啊 哈哈 哈 我 哭 ，
,哈哈 骗 你 辣 我 初二 哦
2,不 是 ， 我 爱 的 是 你 啦
1,我 是 明星 哎 死 了 baby
1,我 失恋 了 我 失恋 了 我 失恋 了 我 好 伤心
1,哼 你 这个 骄傲 鬼
2,一讲一个 很 好笑 很好笑 很好笑 很好笑
1,你 为什么 不 让 我 这次 去 戛纳
1,伦 家 就 讨厌 你
2,我喜欢
1,你 才 有 了 你 是 个 大
1,你 这个 机器人 比 别 的 机器人 令人 讨厌
1,绝交 ！ 不 喜欢 你 了
1,你 别 老是 让 我 点 进去 好不好
1,牛 再 这样的话 我 可 真 就 不 和 你 说话 了
2,你 可 真够 搞笑
,没关系 反正 你 也 不敢 骂 我
1,你 再 这样 我 不要 你 个 秘书 了
2,我 的 帅 了 吧 我 爱 东西
1,那 你 就是 猪 了
1,好 呗 两年 真 个 傻妞
1,遵义 太 无聊 了 吧
1,你 怎么 长 的 这样 丑 我 两个 蓝眼 的 我们 都是 黑眼睛
1,昨天晚上 生 老公 气 ， 不 给 我 暖手 ， 气 的 我 说 了 句 气 话说 让 别 的 男 的 给暖手 ！ 他 生气 了 怎么 办 ？
2,真 好玩儿 你 说 七 的 鸭子 都 很好玩儿 哦
1,我 就不 抹嘴 你 不 说 我 就 一直 求
1,
2,亲爱的那你给我 打电话 好 吗
1,你 居然 自己 骂 自己 真 好笑
1,哼 不 想你 玩
1,废话 太多 了 你
1,我 说 的 你 又 没有
2,嗯 你 找 的 歌曲 真棒
2,你 在哪里 了 我 真 的 很 想 与 你 亲嘴
1,那 你 说 你 我 是 你 的 老婆 我 根本 就 呀 你 这个 老头
2,我 喜欢 吃 猪大肠
1,我 不看 你 找 错 了
2,你 反应 的 速度 太 快 了
1,你 真是 个 没用 的 家伙
1,可 恶错 啦 错 啦
1,我 骂 你 我 是 给 你 面子
6,我 从来 都 不 喜欢 羞涩 的 人面 吃 吧 你
1,你 帅 个 毛
2,我 把 你 搞 成 很 帅 很 牛 的 没
2,哈哈 好 ok 我 当年
2,我 家 没 人 ， 要不 你 来 陪伴 我 呗
1,我 很 伤心 。
1,挺 烦 我 还是 蛮 的 还会 我 话
2,当然 ， 亲亲 ， 也 祝福 您 。
2,哦 ， 对 了 ， 我喜欢 呵呵
1,鄙视 毛 意思
2,hi 大萌大萌 的
2,我 突然 喜欢 一个 妹子 ，
1,你 是 一个 臭 猪
2,我 当然 也 跟 想你 啦 ！ 啵 ！
1,那 是 必须 的 我 就 很 嚣张 我 就 骂 你 咋地 了
